,eef_x,eef_y,eef_z,object_x,object_y,object_z,diff_x,diff_y,diff_z,sum_x,sum_y,sum_z
130,0.48015950005829594,-0.15575720071425958,0.7894320771661977,1.4057104086850936,-0.3246842499045089,1.4863679961456102,0.0,0.0,0.0,0.009265277123806648,0.050514095425200745,0.04232823684991116
131,0.47348138694969644,-0.1559153571437304,0.7926247411578714,1.4057795114438387,-0.33139717107082994,1.4895734689442668,6.910275874516536e-05,-0.006712921166321051,0.0032054727986565723,0.009334379882551813,0.057227016591521795,0.04553370964856773
132,0.4669297784179834,-0.15597894786484323,0.7952221376840954,1.405750255939911,-0.33797311444603834,1.4921911871412339,-2.9255503927627657e-05,-0.006575943375208393,0.0026177181969671004,0.00936363538647944,0.06380295996673019,0.04815142784553483
133,0.46025134166818027,-0.1560568113942573,0.7972652084468875,1.405726248573183,-0.3446769939494885,1.494258344271884,-2.400736672814041e-05,-0.006703879503450139,0.002067157130650088,0.009387642753207581,0.07050683947018033,0.05021858497618492
134,0.45274707355822863,-0.1562064884357266,0.7990755443991708,1.4057704794138937,-0.35220560983779253,1.4961000632709536,4.423084071070171e-05,-0.007528615888304058,0.001841718999069597,0.009431873593918283,0.07803545535848438,0.05206030397525452
135,0.44414174846246257,-0.15635634036280877,0.8009461542266453,1.4058173248060317,-0.36083609052804905,1.498006449164958,4.6845392138061825e-05,-0.008630480690256515,0.001906385894004492,0.009478718986056345,0.0866659360487409,0.05396668986925901
136,0.4347431891486476,-0.15654597339668852,0.8028708982824583,1.405907262597435,-0.37025685715183126,1.4999695507928585,8.993779140320513e-05,-0.009420766623782217,0.0019631016279004765,0.00956865677745955,0.09608670267252312,0.05592979149715949
137,0.42508582087123126,-0.15687733446154684,0.8047192676619966,1.4061367184079898,-0.37993196963870296,1.5018550363262133,0.0002294558105548905,-0.009675112486871695,0.0018854855333547693,0.00979811258801444,0.10576181515939481,0.057815277030514256
138,0.41520960264035245,-0.1573485053354875,0.8067468508979942,1.406499757802593,-0.38981774390538154,1.5039131696213341,0.0003630393946032484,-0.009885774266678582,0.002058133295120834,0.010161151982617689,0.1156475894260734,0.05987341032563509
139,0.40555759705985345,-0.1578550121357818,0.8086522520546066,1.4068932513806236,-0.3994736153525036,1.5058451030623947,0.00039349357803053486,-0.009655871447122044,0.0019319334410605737,0.010554645560648224,0.12530346087319544,0.061805343766695664
140,0.3962427489380974,-0.15824800271153006,0.8104089458517352,1.4071731962404548,-0.40878649358487806,1.5076234570925742,0.00027994485983118267,-0.009312878232374477,0.001778354030179452,0.010834590420479406,0.13461633910556992,0.06358369779687512
141,0.38689984539423117,-0.15850494879957133,0.8118257231622054,1.4073184285782372,-0.41812610139891837,1.5090646408882296,0.0001452323377824083,-0.009339607814040307,0.0014411837956553875,0.010979822758261815,0.14395594691961022,0.0650248815925305
142,0.3775490969743886,-0.15868035784945467,0.8129484142718172,1.4073858459974795,-0.42747250727300823,1.5102124940005834,6.741741924232159e-05,-0.009346405874089858,0.0011478531123538804,0.011047240177504136,0.15330235279370008,0.06617273470488438
143,0.36853344108136993,-0.15883706523981367,0.8138659501677958,1.407438181304867,-0.436480656113056,1.511151067071818,5.2335307387574304e-05,-0.009008148840047747,0.0009385730712345719,0.01109957548489171,0.16231050163374783,0.06711130777611896
144,0.35956091676726853,-0.15900050863235404,0.8146136073789019,1.4074973980134284,-0.44544242218117586,1.511917632450953,5.921670856134931e-05,-0.00896176606811988,0.000766565379134887,0.01115879219345306,0.1712722677018677,0.06787787315525384
145,0.3506470378101452,-0.15917912403129386,0.8152441700088846,1.4075663297990704,-0.4543594876783578,1.5125575790479866,6.89317856419347e-05,-0.008917065497181964,0.0006399465970337026,0.011227723979094995,0.18018933319904967,0.06851781975228755
146,0.3416173112118678,-0.15931249939009073,0.8157644000354248,1.407594463651457,-0.463385318442154,1.5130883392811698,2.8133852386647007e-05,-0.009025830763796205,0.000530760233183214,0.011255857831481642,0.18921516396284588,0.06904857998547076
147,0.33255103632748967,-0.1594265946849951,0.816201755140895,1.4076068340099883,-0.472441664733175,1.513535601454571,1.237035853129953e-05,-0.009056346291020978,0.0004472621734010751,0.011268228190012941,0.19827151025386686,0.06949584215887183
148,0.3237203079771126,-0.15953675926375976,0.816512358275574,1.4076176345982525,-0.4812566195313776,1.5138537042988438,1.0800588264192612e-05,-0.008814954798202601,0.00031810284427291613,0.011279028778277134,0.20708646505206946,0.06981394500314475
149,0.31524474146943243,-0.15966911171883091,0.8166797702288047,1.4076503999626162,-0.4897102764995054,1.5140255377480887,3.276536436369604e-05,-0.008453656968127776,0.00017183344924487365,0.01131179414264083,0.21554012202019723,0.06998577845238962
150,0.30735982860265915,-0.1598325328764254,0.816690845492826,1.4076972840281876,-0.49757170855318494,1.5140322863733857,4.688406557140645e-05,-0.007861432053679562,6.748625297037236e-06,0.011358678208212236,0.2234015540738768,0.06999252707768666
151,0.3001102433525259,-0.15996169312512287,0.8165471916981093,1.4075785852549494,-0.504867304644513,1.5138342996844534,-0.00011869877323822386,-0.0072955960913280715,-0.00019798668893233895,0.01147737698145046,0.23069715016520487,0.070190513766619
152,0.29319908003387485,-0.1600440554784277,0.8162996699848252,1.4075727115100254,-0.5117712487242767,1.5135746959606828,-5.873744924000945e-06,-0.006903944079763691,-0.00025960372377054064,0.011483250726374461,0.23760109424496856,0.07045011749038954
153,0.2860639399177005,-0.16009181388079896,0.8160290977681205,1.407536108299769,-0.5188871737898442,1.5132965857536664,-3.660321025633628e-05,-0.007115925065567463,-0.0002781102070164021,0.011519853936630797,0.24471701931053602,0.07072822769740594
154,0.27865084758691083,-0.16011717093285704,0.8157819811729012,1.4074738888105576,-0.5262739158563192,1.513043986655935,-6.221948921147913e-05,-0.007386742066475049,-0.00025259909773134304,0.011582073425842276,0.25210376137701107,0.07098082679513729
155,0.2709365388311652,-0.1601690107957907,0.8155967211143901,1.4074362517784664,-0.5339561288967447,1.5128529416577274,-3.763703209114233e-05,-0.00768221304042549,-0.00019104499820765675,0.011619710457933419,0.25978597441743656,0.07117187179334494
156,0.2629868105582236,-0.160360878742704,0.8155643654166975,1.4075419771131938,-0.5418685257347503,1.5128098808751405,0.00010572533472741341,-0.007912396838005598,-4.3060782586978874e-05,0.011725435792660832,0.26769837125544216,0.07121493257593192
157,0.25534446462296156,-0.16050058811256962,0.8154749373116486,1.4075168988465134,-0.5494912728075296,1.5126752031496065,-2.5078266680411687e-05,-0.007622747072779323,-0.0001346777255339937,0.011750514059341244,0.2753211183282215,0.07134961030146592
158,0.24781288196744333,-0.16051836375194584,0.815239707318874,1.4073357993294298,-0.5570147468060199,1.512382270527957,-0.00018109951708367156,-0.007523473998490293,-0.00029293262164942213,0.011931613576424915,0.2828445923267118,0.07164254292311534
159,0.2411025283690893,-0.16047010951605323,0.8148410802017321,1.4072054554289786,-0.5637033396692335,1.5119622165450926,-0.00013034390045119082,-0.006688592863213549,-0.0004200539828644878,0.012061957476876106,0.2895331851899253,0.07206259690597983
160,0.23499991273314158,-0.16045321255486322,0.8143066824417463,1.4071020694681344,-0.5697672607554917,1.5114103127628238,-0.00010338596084413787,-0.006063921086258195,-0.00055190378226877,0.012165343437720244,0.2955971062761835,0.0726145006882486
161,0.22971297812536584,-0.16045881379040128,0.8137223210962992,1.4070178632878798,-0.5750087618074636,1.5108053233165406,-8.420618025462012e-05,-0.005241501051971964,-0.0006049894462831773,0.012249549617974864,0.3008386073281555,0.07321949013453177
162,0.2248480089990711,-0.1604736785976444,0.8130953426164171,1.406916759347123,-0.5798155212607528,1.5101520967866908,-0.00010110394075679707,-0.004806759453289122,-0.0006532265298497819,0.012350653558731661,0.3056453667814446,0.07387271666438155
163,0.22138168462358765,-0.1605277559019962,0.8123029449270721,1.406884840039837,-0.5832275147236794,1.5093323304725799,-3.1919307285965814e-05,-0.0034119934629266435,-0.000819766314110959,0.012382572866017627,0.30905736024437125,0.07469248297849251
164,0.21882008434951228,-0.16059454864471623,0.8113945897264963,1.40687824796603,-0.5857266905016876,1.5083806347713953,-6.592073807043519e-06,-0.002499175778008178,-0.000951695701184585,0.01238916493982467,0.3115565360223794,0.0756441786796771
165,0.21608280366073385,-0.16064890332758952,0.8103388953985864,1.406834577529172,-0.5883856232553266,1.5072927601427084,-4.367043685804539e-05,-0.002658932753639043,-0.001087874628686869,0.012432835376682716,0.31421546877601847,0.07673205330836397
166,0.21273430465894505,-0.16064656508027952,0.8095465305063685,1.406730719233491,-0.5916485255822364,1.5064716646649505,-0.00010385829568093641,-0.0032629023269097335,-0.0008210954777578827,0.012536693672363652,0.3174783711029282,0.07755314878612185
167,0.2089503371265471,-0.1607156444621316,0.8086904586901306,1.406474501203432,-0.5953621335591571,1.505515779127958,-0.00025621803005893007,-0.003713607976920774,-0.0009558855369924402,0.012792911702422582,0.321191979079849,0.07850903432311429
168,0.20526338679512912,-0.16082023298838477,0.8078053498682372,1.406369973304068,-0.5990095228353044,1.5045745492699978,-0.00010452789936410412,-0.0036473892761472726,-0.0009412298579603018,0.012897439601786687,0.32483936835599625,0.07945026418107459
169,0.20185380477763726,-0.161131515412263,0.8070392913939188,1.4065998479471835,-0.602362780900726,1.5037925936584529,0.00022987464311552408,-0.003353258065421638,-0.0007819556115449267,0.01312731424490221,0.3281926264214179,0.08023221979261952
170,0.198461450231034,-0.1615097004341075,0.8062146571182429,1.4068777981604006,-0.6056846855482234,1.5029504280258488,0.0002779502132170819,-0.0033219046474973757,-0.0008421656326040861,0.013405264458119293,0.33151453106891526,0.0810743854252236
171,0.19507045755492025,-0.16199455334432988,0.8051019930643705,1.4072668226476024,-0.6090063592808962,1.5018270821113604,0.0003890244872017945,-0.0033216737326727808,-0.0011233459144883717,0.013794288945321087,0.33483620480158804,0.08219773133971198
172,0.19135255873952906,-0.1624240974094482,0.804108386860187,1.4076051792666104,-0.6126483035582855,1.5008249430560179,0.00033835661900805114,-0.0036419442773892863,-0.0010021390553425213,0.014132645564329138,0.33847814907897733,0.0831998703950545
173,0.18796165825813926,-0.16321035750246193,0.8029581105925153,1.408299850414825,-0.6159556674897021,1.4996680702286378,0.0006946711482145318,-0.003307363931416618,-0.0011568728273800843,0.01482731671254367,0.34178551301039395,0.08435674322243458
174,0.18465956221957258,-0.1643809231467166,0.8016934944823852,1.4092931234685975,-0.6191392520719264,1.4983689245226595,0.0009932730537725032,-0.0031835845822243414,-0.001299145705978333,0.015820589766316173,0.3449690975926183,0.08565588892841292
175,0.18203169793032736,-0.16575885739365193,0.7999182752838045,1.410517291722329,-0.6216731527502349,1.4965711754654145,0.0012241682537315057,-0.0025339006783084983,-0.0017977490572449462,0.01704475802004768,0.3475029982709268,0.08745363798565786
176,0.18037947117783404,-0.16746612809091466,0.7972812460605289,1.4119992571082196,-0.6232575512546801,1.4938977594684961,0.0014819653858906268,-0.0015843985044451392,-0.0026734159969183935,0.018526723405938306,0.3490873967753719,0.09012705398257626
177,0.17946670858303815,-0.16969773565279045,0.7937045088530325,1.414124543645461,-0.6240985234510971,1.4903257154982716,0.002125286537241422,-0.0008409721964169892,-0.003572043970224481,0.020652009943179728,0.3499283689717889,0.09369909795280074
178,0.1787587511045955,-0.17245085779984737,0.7895195370851376,1.4167675199508296,-0.6247345073841031,1.4861447577431668,0.002642976305368583,-0.0006359839330060124,-0.004180957755104853,0.02329498624854831,0.35056435290479493,0.09788005570790559
179,0.17851352026561207,-0.17573930285488748,0.7846269458440067,1.4197318595630515,-0.6249007393488801,1.48118615174777,0.002964339612221867,-0.0001662319647770527,-0.00495860599539677,0.026259325860770177,0.350730584869572,0.10283866170330236
180,0.17840735295743326,-0.17910145485447826,0.7794030795707225,1.4230212229798676,-0.6249912940037855,1.4759734836458114,0.0032893634168160713,-9.055465490537262e-05,-0.00521266810195864,0.02954868927758625,0.35082113952447735,0.108051329805261
181,0.17827889952556497,-0.18223550292467006,0.7743859295901682,1.426112329903309,-0.62507980517397,1.4709700687399279,0.003091106923441389,-8.851117018449095e-05,-0.005003414905883519,0.03263979620102764,0.35090965069466185,0.11305474471114452
182,0.17775458199122518,-0.18501067378081237,0.7696649894737455,1.4288300166128394,-0.6255394094447598,1.4662505375064723,0.0027176867095304313,-0.00045960427078983734,-0.004719531233455587,0.03535748291055807,0.3513692549654517,0.1177742759446001
183,0.17691229083122306,-0.18741531562944735,0.7650585784246073,1.431173966860337,-0.6263108039174605,1.4616402969541236,0.0023439502474975615,-0.0007713944727006927,-0.00461024055234871,0.03770143315805563,0.3521406494381524,0.12238451649694881
184,0.17480924547339505,-0.18973169784920674,0.7607678697945266,1.4334311369866684,-0.6283355661428952,1.45734597878995,0.0022571701263314203,-0.002024762225434684,-0.004294318164173472,0.03995860328438705,0.35416541166358706,0.12667883466112229
185,0.17196090811135722,-0.19225117961426785,0.7565215042180286,1.435884261954922,-0.631093186893356,1.4530969253467148,0.0024531249682535616,-0.0027576207504608208,-0.00424905344323534,0.04241172825264061,0.3569230324140479,0.13092788810435763
186,0.16934823699261292,-0.19497820244943664,0.7523630865112418,1.4385563877980934,-0.6336229323843418,1.4489301677996822,0.0026721258431714467,-0.002529745490985724,-0.004166757547032551,0.04508385409581206,0.3594527779050336,0.13509464565139018
187,0.16624912450744955,-0.19728027623923206,0.748793494843991,1.4408116421121833,-0.6366424688578611,1.4453471031114176,0.002255254314089905,-0.0030195364735193797,-0.0035830646882646366,0.047339108409901964,0.362472314378553,0.1386777103396548
188,0.16304472181889995,-0.199717780925857,0.7455236980149417,1.4432055259941805,-0.6397685482199322,1.4420609998214948,0.0023938838819972386,-0.003126079362071099,-0.003286103289922737,0.0497329922918992,0.3655983937406241,0.14196381362957755
189,0.1604865078065043,-0.2022473310708024,0.742619298303874,1.4457017674110892,-0.6422551451867017,1.43913323855625,0.00249624141690874,-0.00248659696676945,-0.0029277612652447438,0.05222923370880794,0.36808499070739353,0.1448915748948223
190,0.15844044714673877,-0.20472244564975495,0.7400668153693303,1.4481491674042282,-0.6442361192946906,1.4365551550049147,0.002447399993138921,-0.00198097410798892,-0.002578083551335375,0.054676633701946864,0.37006596481538245,0.14746965844615767
191,0.15650149004300662,-0.20710351428501084,0.7376461271229897,1.450503629689867,-0.6461144966098303,1.4341136692018615,0.0023544622856388475,-0.0018783773151397343,-0.002441485803053256,0.05703109598758571,0.3719443421305222,0.14991114424921093
192,0.15482428412289395,-0.20946756281670975,0.7351920442162526,1.45284154006207,-0.6477346329447344,1.4316432202086735,0.0023379103722029893,-0.0016201363349040987,-0.0024704489931879348,0.0593690063597887,0.3735644784654263,0.15238159324239886
193,0.15351268066913015,-0.2119195729384371,0.7328230017425764,1.4552684370634599,-0.6489882410543468,1.429257527053543,0.0024268970013898716,-0.0012536081096123919,-0.002385693155130486,0.06179590336117857,0.3748180865750387,0.15476728639752935
194,0.15276374499908718,-0.21439549393862056,0.7303536951489166,1.4577180173157915,-0.6496807380701782,1.4267776660188838,0.0024495802523316623,-0.0006924970158314059,-0.0024798610346592476,0.06424548361351023,0.3755105835908701,0.1572471474321886
195,0.15244628514773273,-0.21722638292013885,0.7278750406328208,1.4605221072859491,-0.6499422971485154,1.4242905700447785,0.002804089970157575,-0.0002615590783371369,-0.0024870959741052356,0.06704957358366781,0.3757721426692072,0.15973424340629383
196,0.15222361464513479,-0.22024962986130014,0.7251412077264116,1.4635138134029273,-0.650113610457452,1.4215624644183762,0.0029917061169781878,-0.0001713133089366048,-0.002728105626402355,0.070041279700646,0.3759434559781438,0.16246234903269618
197,0.1520375992700681,-0.2236561213486994,0.7214838380060756,1.466822948392183,-0.6502385393302246,1.4179206563594644,0.0033091349892557798,-0.00012492887277260056,-0.0036418080589117885,0.07335041468990178,0.3760683848509164,0.16610415709160797
198,0.1519684846342929,-0.2275974243520078,0.7163740914658722,1.4706677066676404,-0.6502821883992138,1.4128823708433909,0.0038447582754572718,-4.3649068989237705e-05,-0.0050382855160735485,0.07719517296535905,0.37611203391990566,0.17114244260768152
199,0.15201402351846738,-0.23204351683782476,0.7105924822930613,1.4750230500617407,-0.6502216533408258,1.4072030488157228,0.004355343394100375,6.053505838798934e-05,-0.005679322027668077,0.08155051635945942,0.37617256897829365,0.1768217646353496
200,0.15208918245701541,-0.23657437397014247,0.7046941619491907,1.4794794444691077,-0.6501436799071556,1.4014118636248267,0.004456394407367004,7.79734336702198e-05,-0.005791185190896053,0.08600691076682643,0.3762505424119639,0.18261294982624565
201,0.15219010094371854,-0.24080237438305008,0.6992229949696673,1.4836401659822342,-0.6500337572227389,1.3960316685842198,0.00416072151312652,0.00010992268441667452,-0.005380195040606939,0.09016763227995295,0.37636046509638055,0.1879931448668526
202,0.15230096021220252,-0.24444756280697244,0.6939085406461436,1.4872207381292417,-0.6499204142798191,1.39080122489262,0.003580572147007466,0.00011334294291986957,-0.005230443691599751,0.09374820442696041,0.3764738080393004,0.19322358855845234
203,0.1524159765254588,-0.24779000035769427,0.6884948545686965,1.4905029675799149,-0.6498062971845898,1.3854696928335661,0.0032822294506731353,0.00011411709522923807,-0.005331532059053901,0.09703043387763355,0.37658792513452966,0.19855512061750624
204,0.15253556322339912,-0.2510156489723667,0.6830813055212447,1.4936651323127312,-0.6496804682655882,1.3801307453637564,0.003162164732816386,0.00012582891900159154,-0.005338947469809785,0.10019259861044993,0.37671375405353125,0.20389406808731603
205,0.15268166854055232,-0.2538946886987783,0.6779843471829542,1.4964740302612343,-0.6495381882061002,1.375090704098662,0.0028088979485030308,0.00014228005948802025,-0.005040041265094386,0.10300149655895297,0.37685603411301927,0.2089341093524104
206,0.15284342836613118,-0.2565449607371004,0.6728381854488285,1.4990773207856263,-0.6493870072318779,1.3699930259686774,0.00260329052439201,0.00015118097422228693,-0.0050976781299845175,0.10560478708334498,0.37700721508724155,0.21403178748239493
207,0.15290110324632633,-0.25907477375262067,0.6674876755452894,1.5015735344453822,-0.6493408458207106,1.364686510893552,0.0024962136597559414,4.616141116731143e-05,-0.005306515075125473,0.10810100074310092,0.37705337649840887,0.2193383025575204
208,0.15301178318600428,-0.26171153852565276,0.6620216684527708,1.5041799919734875,-0.6492374021128694,1.3592509982001133,0.002606457528105288,0.00010344370784121093,-0.005435512693438671,0.1107074582712062,0.3771568202062501,0.22477381525095907
209,0.15320605313347524,-0.26430600670029114,0.6566612505339818,1.5067553870484058,-0.6490508875524397,1.3539062428588868,0.0025753950749183296,0.00018651456042972914,-0.00534475534122647,0.11328285334612453,0.3773433347666798,0.23011857059218555
210,0.15336032911535324,-0.26683840350495736,0.6515737069022345,1.5092668402857476,-0.6489030126243956,1.3488228337728456,0.0025114532373418097,0.0001478749280440228,-0.005083409086041213,0.11579430658346634,0.37749120969472383,0.23520197967822676
211,0.15347539737402183,-0.2694568685336023,0.6463173101994848,1.5118636501409934,-0.6487929007718859,1.3435705661984987,0.0025968098552457963,0.0001101118525097533,-0.005252267574346936,0.11839111643871214,0.3776013215472336,0.2404542472525737
212,0.1536079228247046,-0.2719858266064379,0.6405545057998593,1.5143769406733545,-0.6486696572312798,1.3378186811001864,0.0025132905323610455,0.00012324354060611054,-0.005751885098312259,0.12090440697107319,0.3777245650878397,0.24620613235088595
213,0.1537378318425927,-0.2746289639390982,0.634753928671639,1.5170035238128026,-0.6485443659230331,1.3320223502068917,0.00262658313944808,0.00012529130824667778,-0.005796330893294677,0.12353099011052127,0.37784985639608637,0.25200246324418063
214,0.1538296785827905,-0.2772580403303764,0.6288715684810688,1.5196141678138497,-0.6484576708895,1.3261416324939084,0.0026106440010471577,8.669503353309072e-05,-0.005880717712983374,0.12614163411156842,0.37793655142961946,0.257883180957164
215,0.15390182645777395,-0.27976292965341254,0.6229343043580721,1.5220992608198824,-0.6483928203120436,1.3202026467818018,0.0024850930060327237,6.48505774564212e-05,-0.005938985712106604,0.12862672711760115,0.3780014020070759,0.2638221666692706
216,0.15395018188146625,-0.282205436537726,0.6170239604900596,1.5245243614643242,-0.6483515155123734,1.3142892233812684,0.002425100644441791,4.13047996702387e-05,-0.0059134234005333575,0.13105182776204294,0.3780427068067461,0.26973559006980397
217,0.15400354015926454,-0.2845932493898835,0.6107470056148727,1.526895530842123,-0.6483061784509947,1.308014915545011,0.0023711693777987985,4.533706137865856e-05,-0.006274307836257487,0.13342299713984174,0.3780880438681248,0.27600989790606145
218,0.15409873340330904,-0.28678758799608617,0.6040563652140429,1.529074440120655,-0.6482205716976803,1.3013315105151955,0.0021789092785320374,8.560675331437118e-05,-0.006683405029815459,0.13560190641837377,0.37817365062143915,0.2826933029358769
219,0.15418543519421046,-0.28906202728090613,0.5969948288990131,1.5313305657859366,-0.6481385304151899,1.2942829786223993,0.00225612566528155,8.204128249045262e-05,-0.007048531892796195,0.13785803208365532,0.3782556919039296,0.2897418348286731
220,0.15422013154314895,-0.2914492455511033,0.5896940374764396,1.5336969485517953,-0.6481055631758589,1.2870037812211061,0.0023663827658586545,3.2967239330994325e-05,-0.007279197401293125,0.14022441484951398,0.3782886591432606,0.29702103222996623
221,0.15419663733018174,-0.2939622110359832,0.5825086413844568,1.5361888906800987,-0.6481285111669887,1.2798409638872381,0.0024919421283033927,-2.294799112978474e-05,-0.007162817333868032,0.14271635697781737,0.3783116071343904,0.30418384956383426
222,0.15413396298909587,-0.2965351789190558,0.5753045191395687,1.538740115609237,-0.6481896231980981,1.2726637900702282,0.002551224929138396,-6.111203110947816e-05,-0.007177173817009885,0.14526758190695577,0.37837271916549986,0.31136102338084415
223,0.15406931268843116,-0.2990715816314453,0.5686641024860958,1.541259023745681,-0.6482520416506865,1.2660396877186828,0.0025189081364438426,-6.24184525883642e-05,-0.0066241023515454245,0.1477864900433996,0.3784351376180882,0.3179851257323896
224,0.15399750596108086,-0.30155733615908153,0.5621509025199579,1.5437289937778191,-0.648322709193781,1.2595409630200853,0.0024699700321382245,-7.066754309448253e-05,-0.006498724698597469,0.15025646007553783,0.3785058051611827,0.32448385043098704
225,0.15395419991478132,-0.30409390440010453,0.5558978180460322,1.5462527507129626,-0.6483643517968041,1.2532941109528706,0.0025237569351435063,-4.164260302308431e-05,-0.006246852067214759,0.15278021701068134,0.3785474477642058,0.3307307024982018
226,0.15387257524687215,-0.30673802690403495,0.5495902303208765,1.5488811160797753,-0.6484410950592133,1.2469999772683942,0.002628365366812657,-7.674326240925122e-05,-0.0062941336844763995,0.155408582377494,0.37862419102661504,0.3370248361826782
227,0.15376561842401648,-0.3095136736537669,0.543827728243537,1.5516437600778201,-0.6485425612856999,1.241244285917114,0.0027626439980448225,-0.00010146622648654624,-0.005755691351280179,0.15817122637553882,0.3787256572531016,0.3427805275339584
228,0.15376432161045284,-0.31258195922249077,0.5383808258424143,1.5547016609067832,-0.6485388722641923,1.2357957487871296,0.003057900828963067,3.689021507602419e-06,-0.005448537129984388,0.1612291272045019,0.3787293462746092,0.34822906466394277
229,0.15383942788209892,-0.3155322651988266,0.5331115285069413,1.5576449133749837,-0.6484627949388297,1.230522752924558,0.0029432524682004857,7.607732536252243e-05,-0.005272995862571683,0.16417237967270237,0.3788054235999717,0.35350206052651445
230,0.15391344752281333,-0.3185779279037366,0.5283218531731627,1.5606843211401906,-0.648384281604807,1.2257210050870107,0.0030394077652069473,7.851333402275618e-05,-0.004801747837547277,0.16721178743790932,0.37888393693399447,0.3583038083640617
231,0.15444902390949422,-0.32175289193382195,0.5234955126750616,1.5638568240924422,-0.647848652498014,1.2208801361699193,0.003172502952251577,0.0005356291067929453,-0.0048408689170913455,0.1703842903901609,0.3794195660407874,0.36314467728115307
232,0.15566387324953534,-0.32542863990435866,0.518299452055627,1.5675283446497825,-0.6466287510025636,1.2156696397468858,0.0036715205573403242,0.0012199014954504817,-0.005210496423033506,0.17405581094750122,0.3806394675362379,0.3683551737041866
233,0.15783175833978258,-0.32930061811367795,0.5126375496710566,1.571398323070319,-0.6444598497453841,1.209998843352092,0.0038699784205364907,0.0021689012571795008,-0.005670796394793731,0.1779257893680377,0.3828083687934174,0.3740259700989803
234,0.16035038028912985,-0.33310164550500976,0.5065912780053266,1.5751948132204157,-0.6419380418365793,1.203949565216654,0.003796490150096643,0.0025218079088047407,-0.006049278135437985,0.18172227951813436,0.38533017670222214,0.3800752482344183
235,0.16298549027347176,-0.3366501538266691,0.500420357923509,1.5787393992077325,-0.6393023768980046,1.1977783380288984,0.003544585987316884,0.0026356649385747,-0.006171227187755646,0.18526686550545124,0.38796584164079684,0.38624647542217394
236,0.16592159756565417,-0.3402224801695857,0.4940645358677237,1.582306003383288,-0.6363635784743008,1.191425122463422,0.0035666041755555433,0.0029387984237038145,-0.006353215565476411,0.18883346968100678,0.39090464006450065,0.39259969098765035
237,0.16947509093006985,-0.3438447670094482,0.4875084680543029,1.5859231829576463,-0.6328088742314713,1.1848744925391883,0.0036171795743582535,0.003554704242829554,-0.00655062992423372,0.19245064925536504,0.3944593443073302,0.39915032091188407
238,0.173849211086751,-0.34782716699640503,0.4806209438904434,1.5898981061298834,-0.6284292395367662,1.177995294152867,0.0039749231722370215,0.004379634694705037,-0.006879198386321228,0.19642557242760206,0.39883897900203524,0.4060295192982053
239,0.17839697073931804,-0.35214534190045343,0.4739057890626297,1.5942057856689957,-0.6238693666037954,1.171290225752232,0.0043076795391123746,0.0045598729329707766,-0.006705068400635117,0.20073325196671443,0.403398851935006,0.4127345876988404
240,0.18267059281256892,-0.3564367790196392,0.4670891907284591,1.598479975437389,-0.619580480004108,1.1645003666389782,0.004274189768393333,0.004288886599687403,-0.006789859113253804,0.20500744173510776,0.4076877385346934,0.4195244468120942
241,0.1864527859273376,-0.3608601464640191,0.4603285202616223,1.6028817747608295,-0.6157809220264568,1.1577755648458152,0.004401799323440425,0.003799557977651191,-0.006724801793162927,0.2094092410585482,0.4114872965123446,0.42624924860525715
242,0.1895117541280209,-0.3654221991967561,0.45420545829106573,1.6074205159356205,-0.6127056588707371,1.1516911762160547,0.004538741174791028,0.0030752631557197097,-0.006084388629760573,0.21394798223333922,0.4145625596680643,0.4323336372350177
243,0.19184375246156515,-0.37033234271517657,0.4487952414649613,1.6123061205081886,-0.6103570859607692,1.1463199861328324,0.004885604572568036,0.0023485729099679276,-0.005371190083222288,0.21883358680590725,0.41691113257803225,0.43770482731824
244,0.19386030227865747,-0.37550233185503634,0.44384692177326046,1.6174556484274527,-0.6083302351717068,1.14140717734753,0.005149527919264152,0.0020268507890623955,-0.004912808785302314,0.2239831147251714,0.41893798336709465,0.4426176361035423
245,0.19593696422369777,-0.38093506051449033,0.4391155521557778,1.6228721403841866,-0.6062447637158817,1.136699822285229,0.005416491956733882,0.002085471455825161,-0.004707355062301133,0.2293996066819053,0.4210234548229198,0.44732499116584346
246,0.19749558664074718,-0.3861046095022147,0.4349393345147753,1.6280293038753426,-0.6046817657372376,1.132541416437309,0.005157163491156025,0.0015629979786440096,-0.004158405847919822,0.2345567701730613,0.4225864528015638,0.4514833970137633
247,0.19878799297116145,-0.3912894236315141,0.4307643569080628,1.6332040457435444,-0.6033872023652587,1.128377346199144,0.005174741868201771,0.001294563371978974,-0.0041640702381651185,0.23973151204126308,0.4238810161735428,0.4556474672519284
248,0.19985612628914273,-0.3962890499798377,0.42680125608150565,1.6381961937750655,-0.6023187713109317,1.124421105373449,0.004992148031521149,0.0010684310543269682,-0.003956240825695012,0.24472366007278423,0.42494944722786976,0.4596037080776234
249,0.20100258383640313,-0.40120179773822673,0.42302487705439706,1.6431060535596238,-0.6011730428482723,1.1206415445570794,0.004909859784558268,0.0011457284626593678,-0.0037795608163695427,0.2496335198573425,0.4260951756905291,0.46338326889399295
250,0.20252844976804452,-0.4058623038507767,0.4191165441144561,1.6477668336040445,-0.5996505450410679,1.1167253366257293,0.00466078004442072,0.0015224978072044815,-0.0039162079313501685,0.2542942999017632,0.4276176734977336,0.4672994768253431
251,0.20463623377395312,-0.4104082958330746,0.41460231144569837,1.6523133871244096,-0.5975444795732067,1.112200255423529,0.004546553520365038,0.0021060654678611845,-0.004525081202200187,0.25884085342212826,0.4297237389655948,0.4718245580275433
252,0.2070660071653907,-0.41484092983023113,0.40954683647239687,1.6567469911147354,-0.5951146297613427,1.107131711612676,0.004433603990325885,0.0024298498118640044,-0.005068543810853088,0.26327445741245414,0.4321535887774588,0.4768931018383964
253,0.2098419437302782,-0.4190410503142805,0.40374306106406566,1.6609479281330293,-0.5923385966467715,1.1013179146744847,0.004200937018293827,0.002776033114571197,-0.005813796938191285,0.26747539443074797,0.43492962189203,0.4827068987765877
254,0.21247188059953415,-0.4231529473541096,0.39765020243268456,1.6650557908676575,-0.589701728749372,1.0952188608209263,0.004107862734628265,0.0026368678973994752,-0.006099053853558356,0.27158325716537624,0.43756648978942947,0.48880595263014603
255,0.21499886018781056,-0.42720675621152293,0.39117488967134906,1.6691013580212157,-0.5871651138010198,1.088747614419343,0.004045567153558194,0.0025366149483522227,-0.006471246401583253,0.27562882431893443,0.4401031047377817,0.4952771990317293
256,0.21752837368231215,-0.43124401929924927,0.3850868103666112,1.6731301965888754,-0.584627469695017,1.0826618895660725,0.004028838567659676,0.0025376441060027677,-0.006085724853270635,0.2796576628865941,0.44264074884378446,0.5013629238849999
257,0.22012968768513053,-0.4352822107322336,0.37926112688789426,1.6771598316014222,-0.582019280614673,1.0768370343630476,0.004029635012546828,0.002608189080343992,-0.005824855203024892,0.28368729789914093,0.44524893792412845,0.5071877790880248
258,0.22302776530080082,-0.43924873213282956,0.37297163339403416,1.6811179544867483,-0.5791152589320964,1.0705488150033808,0.003958122885326043,0.0029040216825766407,-0.006288219359666725,0.287645420784467,0.4481529596067051,0.5134759984476915
259,0.22561071335305027,-0.4433219437781257,0.36701999046578215,1.685179327759052,-0.5765219959060544,1.0645960978864013,0.004061373272303825,0.002593263026042014,-0.005952717116979533,0.2917067940567708,0.4507462226327471,0.5194287155646711
260,0.22816262021917755,-0.44770251178252485,0.36157867104915475,1.6895510817141135,-0.573961567084045,1.0591441578317438,0.004371753955061397,0.002560428822009353,-0.005451940054657545,0.2960785480118322,0.45330665145475646,0.5248806556193286
261,0.23058851031582195,-0.45196168557991023,0.35640242909656983,1.6938003103068675,-0.5715291813742737,1.0539603646129057,0.004249228592754006,0.002432385709771334,-0.005183793218838106,0.3003277766045862,0.4557390371645278,0.5300644488381667
262,0.2326700649451553,-0.4560366030261964,0.35157880086853277,1.6978605753355136,-0.5694399529150516,1.0491379068266322,0.004060265028646093,0.0020892284592221033,-0.0048224577862734375,0.3043880416332323,0.4578282656237499,0.5348869066244402
263,0.23451515400919232,-0.4601554166316606,0.3471764166573682,1.7019637039514497,-0.5675873709391525,1.0447375497928375,0.004103128615936091,0.0018525819758991036,-0.004400357033794711,0.3084911702491684,0.459680847599649,0.5392872636582349
264,0.23639948997615168,-0.46406105243517803,0.3433639225373615,1.7058534638778045,-0.5656996854870502,1.0409316253280245,0.0038897599263547633,0.0018876854521022723,-0.003805924464812982,0.31238093017552315,0.4615685330517513,0.5430931881230479
265,0.23780455009660573,-0.46712327197493475,0.34024419275611506,1.7088900797012307,-0.5642937218617341,1.0378525948029593,0.003036615823426292,0.0014059636253160868,-0.003079030525065196,0.31541754599894944,0.46297449667706736,0.546172218648113
266,0.2384566026738868,-0.46898580915649823,0.33869313732128614,1.7107176517624416,-0.5636485383051932,1.0363913556749969,0.0018275720612108692,0.0006451835565408626,-0.001461239127962477,0.3172451180601603,0.4636196802336082,0.5476334577760755
267,0.23877673430847268,-0.46982754381767045,0.33798813621041224,1.7115178386587728,-0.5633364687542166,1.0358134345471282,0.000800186896331212,0.0003120695509766236,-0.0005779211278686969,0.3180453049564915,0.46393174978458485,0.5482113789039442
268,0.23911468301527283,-0.47012277938604186,0.33772823862248036,1.7117706929194396,-0.5630064918163382,1.0356949960924449,0.0002528542606667905,0.00032997693787839566,-0.00011843845468328951,0.3182981592171583,0.46426172672246324,0.5483298173586275
269,0.2393854605542094,-0.4707691257135156,0.3381638595174623,1.7123802118257667,-0.5627424463485078,1.0362560630562951,0.0006095189063271,0.0002640454678304316,0.0005610669638502763,0.3189076781234854,0.4645257721902937,0.5488908843224778
